cabang,sku,n_test,MSE_test,RMSE_test,MAE_test,MAPE%_test,sMAPE%_test
02A,BUVW001KSW,5,5025599.632421792,2241.7849210889503,1943.498681640625,73.02591673501475,61.543822711865445
05A,BUVW001KSW,5,480308.25006200076,693.0427476440402,459.134521484375,9.96984070781783,10.575309750091169
13A,DOPQ001K002,5,3821433.024162638,1954.848593667202,1632.913818359375,49.28185653001737,43.18060251418751
13I,BUVW001KSW,5,22698581.252176143,4764.302808614933,3739.23505859375,50.407640544419905,50.11625731653844
14A,BUVW001KSW,5,4956482.3254998205,2226.315863820725,1269.26796875,22.860569261054703,28.66896324593615
16C,DOPQ001K009,5,1359452.0670221322,1165.9554309758723,779.4511840820312,49.1044675958511,53.35432090754277
17A,DOPQ001K002,5,163726.57610303164,404.63140770710277,318.8166015625,30.170553383480865,23.790620980371397
23A,BUVW001KSW,5,2114245.394765568,1454.044495455888,1019.99453125,30.78097582659828,24.071389971273767
29A,BUVW001KSW,5,1741665.6418498396,1319.721804718646,1153.682177734375,58.16577077159095,39.93809760019779
