RMSE_train,MAE_train,MAPE%_train,sMAPE%_train,MSE_train,RMSE_test,MAE_test,MAPE%_test,sMAPE%_test,MSE_test
105.72894722785931,22.747330462661367,38.10568606500904,58.93357836391685,11178.610281911459,2169.523607821746,1368.4438381618925,41.52973237287175,37.24882055533383,4706832.684895885
